Transaction ID,Date,Customer ID,Gender,Age,Product Category,Quantity,Price per Unit,Order ID
1,2023-11-24,CUST328,Male,34,Beauty,3,50,OQ0000
2,2023-02-27,CUST403,Female,26,Clothing,2,500,VH0001
3,2023-01-13,CUST248,Male,50,Electronics,1,30,QX0002
4,2023-05-21,CUST114,Male,37,Clothing,1,500,XE0003
5,2023-05-06,CUST336,Male,30,Beauty,2,50,QQ0004
6,2023-04-25,CUST027,Female,45,Beauty,1,30,NZ0005
7,2023-03-13,CUST051,Male,46,Clothing,2,25,NL0006
8,2023-02-22,CUST387,Male,30,Electronics,4,25,YQ0007
9,2023-12-13,CUST010,Male,63,Electronics,2,300,HI0008
10,2023-10-07,CUST321,Female,52,Clothing,4,50,MB0009
11,2023-02-14,CUST174,Male,23,Clothing,2,50,PT0010
12,2023-10-30,CUST467,Male,35,Beauty,3,25,LW0011
13,2023-08-05,CUST414,Male,22,Electronics,3,500,YO0012
14,2023-01-17,CUST249,Male,64,Clothing,4,30,RD0013
15,2023-01-16,CUST459,Female,42,Electronics,4,500,BZ0014
16,2023-02-17,CUST322,Male,19,Clothing,3,500,HF0015
17,2023-04-22,CUST159,Female,27,Clothing,4,25,XT0016
18,2023-04-30,CUST351,Female,47,Electronics,2,25,DI0017
19,2023-09-16,CUST271,Female,62,Clothing,2,25,GH0018
20,2023-11-05,CUST233,Male,22,Clothing,3,300,AN0019
21,2023-01-14,CUST260,Female,50,Beauty,1,500,HK0020
22,2023-10-15,CUST044,Male,18,Clothing,2,50,EC0021
23,2023-04-12,CUST117,Female,35,Clothing,4,30,AW0022
24,2023-11-29,CUST278,Female,49,Clothing,1,300,TO0023
25,2023-12-26,CUST181,Female,64,Beauty,1,50,DD0024
26,2023-10-07,CUST458,Female,28,Electronics,2,500,DI0025
27,2023-08-03,CUST269,Female,38,Beauty,2,25,BH0026
28,2023-04-23,CUST292,Female,43,Beauty,1,500,FF0027
29,2023-08-18,CUST122,Female,42,Electronics,1,30,QL0028
30,2023-10-29,CUST129,Female,39,Beauty,3,300,MJ0029
31,2023-05-23,CUST022,Male,44,Electronics,4,300,OU0030
32,2023-01-04,CUST102,Male,30,Beauty,3,30,IB0031
33,2023-03-23,CUST179,Female,50,Electronics,2,50,MJ0032
34,2023-12-24,CUST238,Female,51,Clothing,3,50,UC0033
35,2023-08-05,CUST123,Female,58,Beauty,3,300,WA0034
36,2023-06-24,CUST025,Male,52,Beauty,3,300,OL0035
37,2023-05-23,CUST498,Female,18,Beauty,3,25,IX0036
38,2023-03-21,CUST097,Male,38,Beauty,4,50,SE0037
39,2023-04-21,CUST007,Male,23,Clothing,4,30,MP0038
40,2023-06-22,CUST021,Male,45,Beauty,1,50,AC0039
41,2023-02-22,CUST425,Male,34,Clothing,2,25,PS0040
42,2023-02-17,CUST020,Male,22,Clothing,3,300,MK0041
43,2023-07-14,CUST218,Female,48,Clothing,1,300,NG0042
44,2023-02-19,CUST470,Female,22,Clothing,1,25,WZ0043
45,2023-07-03,CUST146,Female,55,Electronics,1,30,MA0044
46,2023-06-26,CUST455,Female,20,Electronics,4,300,KU0045
47,2023-11-06,CUST410,Female,40,Beauty,3,500,IC0046
48,2023-05-16,CUST490,Male,54,Electronics,3,300,ES0047
49,2023-01-23,CUST062,Female,54,Electronics,2,500,QH0048
50,2023-08-24,CUST439,Female,27,Beauty,3,25,QT0049
51,2023-10-02,CUST231,Male,27,Beauty,3,25,ZV0050
52,2023-03-05,CUST293,Female,36,Beauty,1,300,LV0051
53,2023-07-13,CUST054,Male,34,Electronics,2,50,YW0052
54,2023-02-10,CUST285,Female,38,Electronics,3,500,TP0053
55,2023-10-10,CUST470,Male,31,Beauty,4,30,NW0054
56,2023-05-31,CUST318,Female,26,Clothing,3,300,QS0055
57,2023-11-18,CUST378,Female,63,Beauty,1,30,FC0056
58,2023-11-13,CUST103,Male,18,Clothing,4,300,HP0057
59,2023-07-05,CUST167,Male,62,Clothing,1,50,OF0058
60,2023-10-23,CUST084,Male,30,Beauty,3,50,EY0059
61,2023-04-09,CUST297,Male,21,Beauty,4,50,BY0060
62,2023-12-27,CUST005,Male,18,Beauty,2,50,UO0061
63,2023-02-05,CUST340,Male,57,Electronics,2,25,ZR0062
64,2023-01-24,CUST263,Male,49,Clothing,4,25,AY0063
65,2023-12-05,CUST360,Male,51,Electronics,4,500,KX0064
66,2023-04-27,CUST084,Female,45,Electronics,1,30,VD0065
67,2023-05-29,CUST096,Female,48,Beauty,4,300,BA0066
68,2023-02-10,CUST255,Male,25,Electronics,1,300,UU0067
69,2023-04-30,CUST069,Female,56,Beauty,3,25,FC0068
70,2023-02-21,CUST006,Female,43,Clothing,1,300,JU0069
71,2023-07-14,CUST299,Female,51,Beauty,4,25,TW0070
72,2023-05-23,CUST425,Female,20,Electronics,4,500,ZT0071
73,2023-08-21,CUST478,Male,29,Electronics,3,30,VA0072
74,2023-11-22,CUST296,Female,18,Beauty,4,500,AW0073
75,2023-07-06,CUST356,Male,61,Beauty,4,50,QI0074
76,2023-03-25,CUST310,Female,22,Electronics,2,50,DI0075
77,2023-07-09,CUST057,Female,47,Clothing,2,50,IM0076
78,2023-07-01,CUST131,Female,47,Clothing,3,500,LF0077
79,2023-04-18,CUST064,Male,34,Beauty,1,300,CF0078
80,2023-12-10,CUST447,Female,64,Clothing,2,30,DC0079
81,2023-05-17,CUST487,Male,40,Electronics,1,50,KD0080
82,2023-12-26,CUST212,Female,32,Beauty,4,50,UO0081
83,2023-12-16,CUST249,Male,54,Electronics,2,50,LQ0082
84,2023-11-28,CUST053,Female,38,Electronics,3,30,GA0083
85,2023-02-06,CUST077,Male,31,Clothing,3,50,CI0084
86,2023-11-08,CUST399,Male,19,Beauty,3,30,JG0085
87,2023-11-22,CUST262,Female,28,Beauty,2,50,HV0086
88,2023-03-29,CUST085,Male,56,Clothing,1,500,AL0087
89,2023-10-01,CUST138,Female,55,Electronics,4,500,JH0088
90,2023-05-06,CUST431,Female,51,Electronics,1,30,SF0089
91,2023-03-25,CUST274,Female,55,Electronics,1,500,BE0090
92,2023-08-25,CUST299,Female,51,Electronics,4,30,ZI0091
93,2023-07-14,CUST133,Female,35,Beauty,4,500,DZ0092
94,2023-05-19,CUST465,Female,47,Beauty,2,500,QY0093
95,2023-11-24,CUST173,Female,32,Clothing,2,30,IV0094
96,2023-12-19,CUST149,Female,44,Clothing,2,300,BG0095
97,2023-10-13,CUST015,Female,51,Beauty,2,500,UN0096
98,2023-04-23,CUST167,Female,55,Beauty,2,50,UK0097
99,2023-12-17,CUST175,Female,50,Electronics,4,300,WC0098
100,2023-06-16,CUST023,Male,41,Electronics,1,30,QE0099
101,2023-01-29,CUST204,Male,32,Clothing,2,300,FW0100
102,2023-04-28,CUST328,Female,47,Beauty,2,25,LV0101
103,2023-01-17,CUST192,Female,59,Clothing,1,25,HS0102
104,2023-06-11,CUST351,Female,34,Beauty,2,500,XQ0103
105,2023-07-25,CUST261,Female,22,Electronics,1,500,GR0104
106,2023-05-18,CUST448,Female,46,Clothing,1,50,YU0105
107,2023-02-03,CUST394,Female,21,Clothing,4,300,LK0106
108,2023-04-19,CUST133,Female,27,Beauty,3,25,CT0107
109,2023-10-18,CUST121,Female,34,Electronics,4,500,EF0108
110,2023-06-11,CUST362,Male,27,Clothing,3,300,AE0109
111,2023-04-19,CUST272,Female,34,Electronics,3,500,JM0110
112,2023-12-02,CUST121,Male,37,Clothing,3,500,EL0111
113,2023-09-13,CUST035,Female,41,Electronics,2,25,TC0112
114,2023-07-22,CUST441,Female,22,Beauty,4,25,DN0113
115,2023-11-26,CUST408,Male,51,Clothing,3,500,XX0114
116,2023-08-23,CUST497,Female,23,Clothing,1,30,OC0115
117,2023-03-15,CUST300,Male,19,Electronics,2,500,WZ0116
118,2023-05-16,CUST480,Female,30,Electronics,4,500,XN0117
119,2023-03-13,CUST177,Female,60,Clothing,3,50,JP0118
120,2023-05-07,CUST154,Male,60,Beauty,1,50,UZ0119
121,2023-10-15,CUST199,Female,28,Electronics,4,50,MN0120
122,2023-10-03,CUST496,Male,64,Electronics,4,30,IO0121
123,2023-05-15,CUST116,Female,40,Electronics,2,30,OH0122
124,2023-10-27,CUST258,Male,33,Clothing,4,500,LX0123
125,2023-08-08,CUST214,Male,48,Clothing,2,50,GG0124
126,2023-10-26,CUST270,Female,28,Clothing,3,30,HW0125
127,2023-07-24,CUST392,Female,33,Clothing,2,25,HV0126
128,2023-07-05,CUST473,Male,25,Beauty,1,500,YW0127
129,2023-04-23,CUST184,Female,21,Beauty,2,300,UF0128
130,2023-03-12,CUST338,Female,57,Clothing,1,500,LV0129
131,2023-09-18,CUST458,Female,21,Beauty,2,300,GP0130
132,2023-09-10,CUST394,Male,42,Electronics,4,50,WY0131
133,2023-02-16,CUST308,Male,20,Electronics,3,300,JD0132
134,2023-01-25,CUST362,Male,49,Electronics,1,50,AI0133
135,2023-02-26,CUST186,Male,20,Clothing,2,25,OH0134
136,2023-03-20,CUST216,Male,44,Electronics,2,300,VQ0135
137,2023-11-18,CUST205,Male,46,Beauty,2,500,QV0136
138,2023-03-23,CUST116,Male,49,Clothing,4,50,IQ0137
139,2023-12-15,CUST011,Male,36,Beauty,4,500,JH0138
140,2023-08-05,CUST340,Male,38,Electronics,1,30,CU0139
141,2023-11-02,CUST493,Female,22,Electronics,1,50,XA0140
142,2023-02-02,CUST244,Male,35,Electronics,4,300,SB0141
143,2023-07-17,CUST254,Female,45,Clothing,1,50,KI0142
144,2023-07-15,CUST142,Female,59,Beauty,3,500,XL0143
145,2023-11-02,CUST497,Female,39,Clothing,3,25,NJ0144
146,2023-08-28,CUST341,Male,38,Clothing,4,50,GG0145
147,2023-09-28,CUST340,Male,23,Electronics,1,300,BA0146
148,2023-05-09,CUST011,Male,18,Clothing,2,30,OT0147
149,2023-10-11,CUST046,Male,22,Clothing,3,25,RG0148
150,2023-01-06,CUST207,Female,58,Electronics,4,30,ZC0149
151,2023-12-15,CUST246,Male,29,Clothing,1,50,LI0150
152,2023-02-28,CUST465,Male,43,Electronics,4,500,EY0151
153,2023-12-16,CUST299,Male,63,Electronics,2,500,SD0152
154,2023-10-02,CUST279,Male,51,Electronics,3,300,EV0153
155,2023-05-17,CUST354,Male,31,Electronics,4,500,JH0154
156,2023-11-25,CUST320,Female,43,Clothing,4,25,HI0155
157,2023-06-24,CUST224,Male,62,Electronics,4,500,PI0156
158,2023-02-27,CUST440,Female,44,Electronics,2,300,PB0157
159,2023-05-31,CUST350,Male,26,Clothing,4,50,NP0158
160,2023-08-11,CUST424,Female,43,Clothing,2,50,IW0159
161,2023-03-22,CUST165,Male,64,Beauty,2,500,YR0160
162,2023-08-21,CUST114,Male,39,Clothing,2,30,KE0161
163,2023-01-02,CUST002,Female,64,Clothing,3,50,QH0162
164,2023-05-15,CUST173,Female,47,Beauty,3,500,EN0163
165,2023-09-14,CUST330,Female,60,Clothing,4,300,FQ0164
166,2023-04-02,CUST482,Male,34,Clothing,4,500,TA0165
167,2023-09-17,CUST293,Female,43,Clothing,3,50,QE0166
168,2023-02-24,CUST114,Male,53,Clothing,1,300,IS0167
169,2023-11-17,CUST221,Male,18,Beauty,3,500,ZI0168
170,2023-06-02,CUST484,Female,25,Clothing,2,25,TJ0169
171,2023-11-24,CUST365,Female,52,Clothing,3,300,YE0170
172,2023-09-17,CUST297,Male,32,Beauty,2,25,RC0171
173,2023-11-08,CUST243,Male,64,Electronics,4,30,OT0172
174,2023-04-12,CUST409,Female,39,Beauty,1,300,XT0173
175,2023-03-20,CUST418,Female,31,Electronics,4,25,OK0174
176,2023-07-11,CUST365,Female,43,Beauty,2,50,QQ0175
177,2023-03-24,CUST066,Male,45,Beauty,2,50,PS0176
178,2023-10-04,CUST069,Male,40,Clothing,2,30,TY0177
179,2023-09-29,CUST228,Male,31,Electronics,1,300,QW0178
180,2023-01-01,CUST474,Male,41,Clothing,3,300,TJ0179
181,2023-11-03,CUST087,Male,19,Electronics,4,300,UJ0180
182,2023-06-15,CUST121,Male,62,Beauty,4,30,VW0181
183,2023-09-08,CUST459,Female,43,Beauty,3,300,XX0182
184,2023-01-10,CUST022,Male,31,Electronics,4,50,SM0183
185,2023-02-27,CUST097,Male,24,Clothing,1,25,HQ0184
186,2023-07-05,CUST018,Male,20,Clothing,4,50,XJ0185
187,2023-06-07,CUST445,Female,64,Clothing,2,50,FT0186
188,2023-05-03,CUST039,Male,40,Clothing,3,25,XF0187
189,2023-01-30,CUST058,Male,63,Beauty,1,50,DC0188
190,2023-05-04,CUST487,Female,60,Beauty,3,30,OV0189
191,2023-10-18,CUST342,Male,64,Beauty,1,25,GU0190
192,2023-02-10,CUST078,Male,62,Beauty,2,50,BF0191
193,2023-02-13,CUST308,Male,35,Beauty,3,500,OT0192
194,2023-09-06,CUST246,Male,55,Clothing,4,50,MR0193
195,2023-02-05,CUST427,Male,52,Clothing,1,30,JJ0194
196,2023-09-30,CUST372,Female,32,Clothing,3,300,NA0195
197,2023-03-06,CUST342,Female,42,Clothing,4,50,FJ0196
198,2023-03-07,CUST007,Female,54,Beauty,3,300,RF0197
199,2023-12-04,CUST378,Male,45,Beauty,3,500,GZ0198
200,2023-09-01,CUST240,Male,27,Beauty,3,50,QK0199
201,2023-10-09,CUST256,Male,56,Electronics,1,25,US0200
202,2023-03-26,CUST435,Female,34,Clothing,4,300,VO0201
203,2023-05-16,CUST361,Male,56,Clothing,2,500,PC0202
204,2023-09-28,CUST298,Male,39,Beauty,1,25,LK0203
205,2023-11-07,CUST242,Female,43,Clothing,1,25,GJ0204
206,2023-08-05,CUST148,Male,61,Clothing,1,25,XF0205
207,2023-04-19,CUST203,Female,42,Beauty,2,25,CI0206
208,2023-10-04,CUST338,Female,34,Electronics,4,50,EA0207
209,2023-12-20,CUST209,Female,30,Electronics,4,50,XO0208
210,2023-04-13,CUST442,Male,37,Electronics,4,50,AN0209
211,2024-01-01,CUST118,Male,42,Beauty,3,500,EM0210
212,2023-06-09,CUST125,Male,21,Clothing,3,500,YZ0211
213,2023-07-24,CUST104,Male,27,Beauty,3,500,KU0212
214,2023-12-10,CUST447,Male,20,Beauty,2,30,MC0213
215,2023-11-29,CUST154,Male,58,Clothing,3,500,KV0214
216,2023-07-11,CUST370,Male,62,Electronics,2,50,US0215
217,2023-08-13,CUST185,Female,35,Electronics,4,50,ZJ0216
218,2023-09-22,CUST120,Male,64,Beauty,3,30,SV0217
219,2023-08-20,CUST215,Female,53,Electronics,3,30,YW0218
220,2023-03-03,CUST478,Male,64,Beauty,1,500,WI0219
221,2023-05-07,CUST089,Male,39,Beauty,2,300,JQ0220
222,2023-04-26,CUST052,Male,51,Clothing,4,30,DI0221
223,2023-02-02,CUST076,Female,64,Clothing,1,25,JF0222
224,2023-06-23,CUST140,Female,25,Clothing,1,50,EQ0223
225,2023-01-11,CUST276,Female,57,Beauty,4,25,IB0224
226,2023-10-29,CUST100,Female,61,Clothing,1,50,UY0225
227,2023-10-11,CUST285,Male,36,Electronics,2,50,FR0226
228,2023-04-28,CUST267,Female,59,Electronics,2,30,CF0227
229,2023-10-29,CUST426,Male,58,Beauty,3,30,EQ0228
230,2023-04-23,CUST383,Male,54,Beauty,1,25,OV0229
231,2023-01-04,CUST354,Female,23,Clothing,3,50,RT0230
232,2023-02-06,CUST211,Female,43,Beauty,1,25,WP0231
233,2023-12-29,CUST307,Female,51,Beauty,2,300,FE0232
234,2023-11-20,CUST230,Female,62,Electronics,2,25,WV0233
235,2023-01-31,CUST342,Female,23,Electronics,2,500,QY0234
236,2023-04-28,CUST070,Female,54,Clothing,1,25,VK0235
237,2023-02-04,CUST137,Female,50,Beauty,2,500,EL0236
238,2023-01-17,CUST447,Female,39,Beauty,1,500,XX0237
239,2023-06-19,CUST166,Male,38,Electronics,3,500,AA0238
240,2023-02-06,CUST199,Female,23,Beauty,1,300,LX0239
241,2023-09-21,CUST412,Female,23,Electronics,3,25,WV0240
242,2023-05-02,CUST002,Male,21,Clothing,1,25,BF0241
243,2023-05-23,CUST340,Female,47,Electronics,3,300,UL0242
244,2023-12-09,CUST021,Male,28,Beauty,2,50,IY0243
245,2023-09-06,CUST395,Male,47,Clothing,3,30,AM0244
246,2023-04-20,CUST456,Female,48,Electronics,2,25,WS0245
247,2023-10-04,CUST349,Male,41,Electronics,2,30,XH0246
248,2023-03-09,CUST416,Male,26,Clothing,3,300,OZ0247
249,2023-10-20,CUST378,Male,20,Clothing,1,50,DL0248
250,2023-10-23,CUST123,Male,48,Electronics,1,50,ZE0249
251,2023-08-31,CUST488,Female,57,Beauty,4,50,UT0250
252,2023-05-05,CUST261,Male,54,Electronics,1,300,GZ0251
253,2023-08-31,CUST215,Female,53,Clothing,4,500,UD0252
254,2023-07-28,CUST492,Male,41,Electronics,1,500,ZW0253
255,2023-04-08,CUST312,Male,48,Clothing,1,30,MA0254
256,2023-02-18,CUST010,Male,23,Clothing,2,500,UP0255
257,2023-02-19,CUST395,Male,19,Beauty,4,500,TC0256
258,2023-12-04,CUST243,Female,37,Clothing,1,50,MV0257
259,2023-08-09,CUST333,Female,45,Clothing,4,50,SE0258
260,2023-07-01,CUST158,Male,28,Beauty,2,30,IL0259
261,2023-08-05,CUST067,Male,21,Clothing,2,25,LZ0260
262,2023-07-30,CUST216,Female,32,Beauty,4,30,YA0261
263,2023-08-28,CUST100,Male,23,Beauty,2,30,QD0262
264,2023-01-28,CUST303,Male,47,Clothing,3,300,WN0263
265,2023-12-11,CUST441,Male,55,Clothing,3,300,XX0264
266,2023-12-01,CUST389,Female,19,Electronics,2,30,YE0265
267,2023-11-27,CUST050,Female,32,Beauty,3,30,BU0266
268,2023-02-20,CUST258,Female,28,Electronics,1,30,MU0267
269,2023-02-01,CUST120,Male,25,Clothing,4,500,LK0268
270,2023-07-26,CUST093,Male,43,Electronics,1,300,TJ0269
271,2023-06-23,CUST322,Female,62,Beauty,4,30,MK0270
272,2023-02-25,CUST135,Female,61,Electronics,2,50,RB0271
273,2023-05-08,CUST089,Female,22,Beauty,1,50,MP0272
274,2023-04-09,CUST158,Female,23,Clothing,2,500,RX0273
275,2023-04-08,CUST040,Male,43,Clothing,2,500,JY0274
276,2023-10-02,CUST252,Female,21,Beauty,4,25,SJ0275
277,2023-08-18,CUST148,Male,36,Clothing,4,25,OJ0276
278,2023-03-13,CUST455,Female,37,Clothing,4,25,QA0277
279,2023-08-05,CUST215,Male,50,Clothing,1,500,XJ0278
280,2023-04-04,CUST354,Female,37,Clothing,3,500,AC0279
281,2023-05-23,CUST459,Female,29,Beauty,4,500,IG0280
282,2023-08-25,CUST444,Female,64,Electronics,4,50,VJ0281
283,2023-05-08,CUST161,Female,18,Electronics,1,500,XH0282
284,2023-02-08,CUST350,Male,43,Clothing,4,50,IY0283
285,2023-08-15,CUST320,Female,31,Electronics,1,25,WY0284
286,2023-10-09,CUST298,Male,55,Electronics,2,25,CB0285
287,2023-02-20,CUST344,Male,54,Clothing,4,25,SI0286
288,2023-01-26,CUST255,Male,28,Clothing,4,30,CC0287
289,2023-11-30,CUST095,Male,53,Electronics,2,30,II0288
290,2023-10-04,CUST125,Female,30,Beauty,2,300,RZ0289
291,2023-01-08,CUST073,Male,60,Clothing,2,300,EU0290
292,2023-02-17,CUST363,Male,20,Beauty,4,300,PW0291
293,2023-05-02,CUST453,Male,50,Electronics,3,30,ZX0292
294,2023-03-27,CUST325,Female,23,Clothing,3,30,DT0293
295,2023-07-28,CUST138,Female,27,Beauty,3,300,UJ0294
296,2023-09-06,CUST441,Female,22,Clothing,4,300,AT0295
297,2023-09-04,CUST190,Female,40,Electronics,2,500,QT0296
298,2023-04-20,CUST414,Male,27,Beauty,4,300,TT0297
299,2023-07-25,CUST166,Male,61,Electronics,2,500,BY0298
300,2023-01-31,CUST198,Female,19,Electronics,4,50,YJ0299
301,2023-03-26,CUST388,Male,30,Clothing,4,30,UY0300
302,2023-07-14,CUST074,Male,57,Beauty,2,300,LI0301
303,2023-01-02,CUST156,Male,19,Electronics,3,30,PU0302
304,2023-07-19,CUST397,Female,37,Electronics,2,30,KS0303
305,2023-05-16,CUST240,Female,18,Beauty,1,30,YJ0304
306,2023-08-21,CUST344,Male,54,Electronics,1,50,XD0305
307,2023-05-27,CUST083,Female,26,Electronics,2,25,PV0306
308,2023-08-05,CUST012,Female,34,Beauty,4,300,KH0307
309,2023-12-23,CUST056,Female,26,Beauty,1,25,HJ0308
310,2023-10-12,CUST120,Female,28,Beauty,1,25,KK0309
311,2023-12-05,CUST420,Female,32,Beauty,4,25,GP0310
312,2023-09-07,CUST286,Male,41,Clothing,4,30,FG0311
313,2023-03-21,CUST092,Female,55,Beauty,3,500,MX0312
314,2023-04-08,CUST420,Male,52,Clothing,4,30,HE0313
315,2023-06-01,CUST221,Male,47,Clothing,2,30,UP0314
316,2023-04-22,CUST016,Female,48,Clothing,2,25,DZ0315
317,2023-01-30,CUST316,Male,22,Electronics,3,30,FQ0316
318,2023-10-24,CUST101,Male,61,Clothing,1,25,GV0317
319,2023-10-05,CUST414,Male,31,Clothing,1,500,JQ0318
320,2023-02-01,CUST291,Female,28,Electronics,4,300,US0319
321,2023-06-10,CUST489,Female,26,Electronics,2,25,IH0320
322,2023-01-30,CUST252,Male,51,Electronics,1,500,PN0321
323,2023-01-26,CUST310,Female,29,Beauty,3,300,SB0322
324,2023-10-27,CUST065,Female,52,Electronics,3,50,BA0323
325,2023-09-02,CUST002,Female,52,Electronics,2,25,UE0324
326,2023-09-15,CUST260,Female,18,Clothing,3,25,TL0325
327,2023-09-29,CUST341,Male,57,Electronics,3,50,YQ0326
328,2023-03-22,CUST179,Male,39,Beauty,2,50,VC0327
329,2023-01-30,CUST085,Female,46,Electronics,4,25,XJ0328
330,2023-09-18,CUST130,Female,25,Beauty,4,50,BW0329
331,2023-02-11,CUST374,Male,28,Electronics,3,30,GQ0330
332,2023-04-06,CUST438,Male,58,Electronics,4,300,AL0331
333,2023-02-05,CUST253,Female,54,Electronics,4,300,ML0332
334,2023-11-01,CUST132,Male,31,Electronics,3,300,VH0333
335,2023-02-04,CUST304,Female,47,Beauty,4,30,XE0334
336,2023-12-12,CUST166,Female,52,Beauty,3,50,ZH0335
337,2023-05-01,CUST251,Male,38,Clothing,1,500,RY0336
338,2023-07-26,CUST223,Male,54,Beauty,2,50,RW0337
339,2023-03-03,CUST456,Female,22,Electronics,2,25,CZ0338
340,2023-10-19,CUST376,Female,36,Clothing,4,300,BR0339
341,2023-05-07,CUST063,Male,31,Clothing,4,50,VT0340
342,2023-10-24,CUST077,Female,43,Clothing,4,500,SP0341
343,2023-11-01,CUST456,Male,21,Electronics,2,25,ZF0342
344,2023-01-21,CUST210,Female,42,Beauty,1,30,XU0343
345,2023-11-14,CUST499,Male,62,Electronics,1,30,EM0344
346,2023-02-11,CUST261,Male,59,Clothing,2,500,LD0345
347,2023-08-03,CUST361,Male,42,Electronics,1,25,WW0346
348,2023-12-03,CUST075,Female,35,Electronics,2,300,TA0347
349,2023-10-26,CUST306,Female,57,Beauty,1,50,SY0348
350,2023-10-17,CUST217,Male,25,Beauty,3,25,SY0349
351,2023-09-25,CUST332,Female,56,Clothing,3,30,YS0350
352,2023-06-11,CUST223,Male,57,Electronics,2,500,TH0351
353,2023-05-14,CUST303,Male,31,Electronics,1,500,UI0352
354,2023-04-15,CUST139,Female,49,Beauty,4,50,GI0353
355,2023-12-09,CUST457,Female,55,Electronics,1,500,IA0354
356,2023-06-10,CUST382,Male,50,Electronics,3,500,DH0355
357,2023-05-03,CUST377,Female,40,Electronics,3,25,FA0356
358,2023-05-16,CUST228,Female,32,Beauty,1,300,TV0357
359,2023-07-22,CUST369,Male,50,Clothing,1,50,IS0358
360,2023-03-09,CUST130,Male,42,Clothing,4,25,WA0359
361,2023-12-10,CUST126,Female,34,Electronics,4,300,OP0360
362,2023-11-27,CUST489,Male,50,Clothing,1,25,EX0361
363,2023-06-03,CUST335,Male,64,Beauty,1,25,UN0362
364,2023-08-23,CUST390,Female,19,Beauty,1,500,NV0363
365,2023-06-11,CUST363,Male,31,Clothing,1,300,BW0364
366,2023-02-07,CUST060,Male,57,Clothing,2,50,NH0365
367,2023-01-05,CUST301,Female,57,Electronics,1,50,GO0366
368,2023-08-23,CUST003,Female,56,Clothing,4,300,CV0367
369,2023-11-15,CUST279,Male,23,Electronics,3,500,KX0368
370,2023-10-16,CUST319,Male,23,Electronics,2,30,YU0369
371,2023-02-21,CUST325,Female,20,Beauty,1,25,CG0370
372,2023-02-07,CUST195,Female,24,Beauty,3,500,QY0371
373,2023-10-03,CUST335,Female,25,Beauty,2,300,QJ0372
374,2023-04-20,CUST093,Female,59,Beauty,3,25,VM0373
375,2023-09-17,CUST393,Male,32,Clothing,1,50,PL0374
376,2023-05-16,CUST239,Female,64,Beauty,1,30,YP0375
377,2023-03-09,CUST377,Female,46,Clothing,4,50,CQ0376
378,2023-06-28,CUST133,Male,50,Beauty,1,300,KE0377
379,2023-02-05,CUST448,Female,47,Clothing,1,25,MG0378
380,2023-05-06,CUST050,Male,56,Electronics,2,300,YF0379
381,2023-07-09,CUST055,Female,44,Clothing,4,25,OA0380
382,2023-05-26,CUST293,Female,53,Clothing,2,500,HQ0381
383,2023-03-22,CUST329,Female,46,Beauty,3,30,MR0382
384,2023-08-13,CUST148,Male,55,Clothing,1,500,OP0383
385,2023-10-06,CUST077,Male,50,Electronics,3,500,GY0384
386,2023-12-27,CUST369,Female,54,Electronics,2,300,QA0385
387,2023-06-04,CUST070,Male,44,Beauty,1,30,VE0386
388,2023-11-10,CUST342,Male,50,Electronics,1,25,KQ0387
389,2023-12-01,CUST470,Male,21,Clothing,2,25,XE0388
390,2023-09-28,CUST368,Male,39,Electronics,2,50,HN0389
391,2023-01-05,CUST321,Male,19,Beauty,2,25,RM0390
392,2023-12-08,CUST458,Male,27,Clothing,2,300,SZ0391
393,2023-10-11,CUST139,Female,22,Beauty,2,500,BK0392
394,2023-06-03,CUST117,Female,27,Clothing,1,500,UV0393
395,2023-12-06,CUST271,Male,50,Electronics,2,500,YI0394
396,2023-02-23,CUST295,Female,55,Beauty,1,30,GR0395
397,2023-03-10,CUST063,Female,30,Beauty,1,25,VU0396
398,2023-05-16,CUST037,Female,48,Clothing,2,300,ND0397
399,2023-03-01,CUST306,Female,64,Beauty,2,30,SG0398
400,2023-02-24,CUST171,Male,53,Clothing,4,50,AA0399
401,2023-10-11,CUST407,Female,62,Clothing,1,300,IJ0400
402,2023-03-21,CUST295,Female,41,Clothing,2,300,OL0401
403,2023-05-20,CUST446,Male,32,Clothing,2,300,NQ0402
404,2023-05-25,CUST304,Male,46,Electronics,2,500,EU0403
405,2023-11-06,CUST499,Female,25,Clothing,4,300,RV0404
406,2023-04-18,CUST283,Female,22,Beauty,4,25,OO0405
407,2023-06-25,CUST470,Female,46,Electronics,3,300,VR0406
408,2023-04-15,CUST296,Female,64,Beauty,1,500,GW0407
409,2023-12-18,CUST053,Female,21,Electronics,3,300,EH0408
410,2023-11-21,CUST457,Female,29,Clothing,2,50,VL0409
411,2023-05-16,CUST192,Male,62,Electronics,4,50,DX0410
412,2023-09-16,CUST034,Female,19,Electronics,4,500,PA0411
413,2023-09-08,CUST187,Female,44,Beauty,3,25,II0412
414,2023-05-09,CUST121,Male,48,Beauty,4,25,HS0413
415,2023-01-27,CUST010,Male,53,Clothing,2,30,FC0414
416,2023-02-17,CUST262,Male,53,Electronics,4,500,WO0415
417,2023-11-21,CUST181,Male,43,Electronics,3,300,MX0416
418,2023-08-05,CUST114,Female,60,Electronics,2,500,RW0417
419,2023-05-22,CUST451,Female,44,Clothing,3,30,IH0418
420,2023-01-23,CUST150,Female,22,Clothing,4,500,IM0419
421,2023-01-02,CUST224,Female,37,Clothing,3,500,PF0420
422,2023-06-20,CUST383,Female,28,Clothing,3,30,OY0421
423,2023-03-08,CUST058,Female,27,Clothing,1,25,TA0422
424,2023-11-23,CUST119,Male,57,Beauty,4,300,MQ0423
425,2023-05-15,CUST152,Female,55,Electronics,4,30,BZ0424
426,2023-03-24,CUST094,Male,23,Electronics,3,50,UO0425
427,2023-08-15,CUST354,Male,25,Electronics,1,25,NQ0426
428,2023-10-10,CUST062,Female,40,Electronics,4,50,KO0427
429,2023-12-28,CUST256,Male,64,Electronics,2,25,NJ0428
430,2023-08-07,CUST053,Female,43,Electronics,3,300,MB0429
431,2023-10-15,CUST475,Male,63,Electronics,4,300,PG0430
432,2023-01-05,CUST435,Female,60,Electronics,2,500,GD0431
433,2023-02-27,CUST471,Male,29,Beauty,4,50,TL0432
434,2023-02-08,CUST288,Female,43,Electronics,2,25,PN0433
435,2023-12-20,CUST102,Female,30,Beauty,3,300,PJ0434
436,2023-03-18,CUST262,Female,57,Clothing,4,30,GT0435
437,2023-10-07,CUST103,Female,35,Electronics,4,300,SD0436
438,2023-01-19,CUST360,Female,42,Clothing,1,30,DJ0437
439,2023-07-09,CUST270,Male,50,Clothing,3,25,UI0438
440,2023-10-26,CUST398,Male,64,Clothing,2,300,FL0439
441,2023-10-10,CUST286,Male,57,Beauty,4,300,NQ0440
442,2023-03-17,CUST499,Female,60,Clothing,4,25,IK0441
443,2023-08-09,CUST206,Male,29,Clothing,2,300,ZT0442
444,2023-03-07,CUST177,Female,61,Clothing,3,30,FN0443
445,2023-01-22,CUST074,Female,53,Electronics,1,300,DZ0444
446,2023-06-07,CUST119,Male,21,Electronics,1,50,GY0445
447,2023-07-06,CUST331,Male,22,Beauty,4,500,FF0446
448,2023-01-21,CUST248,Female,54,Beauty,2,30,II0447
449,2023-07-03,CUST382,Male,25,Electronics,4,50,IK0448
450,2023-04-18,CUST211,Female,59,Beauty,2,25,KC0449
451,2023-12-16,CUST091,Female,45,Electronics,1,30,QR0450
452,2023-05-08,CUST128,Female,48,Clothing,3,500,FD0451
453,2023-12-08,CUST270,Female,26,Clothing,2,500,AE0452
454,2023-02-22,CUST201,Female,46,Beauty,1,25,NQ0453
455,2023-07-01,CUST400,Male,31,Electronics,4,25,YV0454
456,2023-10-14,CUST471,Male,57,Electronics,2,30,EG0455
457,2023-07-28,CUST060,Female,58,Beauty,3,300,FB0456
458,2023-11-14,CUST313,Female,39,Electronics,4,25,AO0457
459,2023-03-21,CUST419,Male,28,Clothing,4,300,YZ0458
460,2023-05-02,CUST304,Male,40,Beauty,1,50,AG0459
461,2023-03-25,CUST041,Female,18,Beauty,2,500,JW0460
462,2023-04-01,CUST449,Male,63,Electronics,4,300,CL0461
463,2023-07-31,CUST283,Female,54,Beauty,3,500,WU0462
464,2023-01-13,CUST045,Male,38,Electronics,2,300,EN0463
465,2023-04-02,CUST405,Female,43,Electronics,3,50,RD0464
466,2023-06-20,CUST314,Male,63,Electronics,4,25,WR0465
467,2023-07-30,CUST500,Female,53,Electronics,3,50,JI0466
468,2023-12-09,CUST458,Male,40,Electronics,1,25,CX0467
469,2023-05-08,CUST069,Male,18,Beauty,3,25,EP0468
470,2023-05-17,CUST306,Female,57,Clothing,2,500,SP0469
471,2023-03-23,CUST298,Male,32,Clothing,3,50,UH0470
472,2023-12-26,CUST202,Female,38,Beauty,3,300,RF0471
473,2023-02-25,CUST086,Male,64,Beauty,1,50,ST0472
474,2023-07-15,CUST413,Female,26,Clothing,3,500,MS0473
475,2023-01-20,CUST363,Male,26,Clothing,3,25,RA0474
476,2023-08-29,CUST456,Female,27,Clothing,4,500,FF0475
477,2023-04-24,CUST198,Male,43,Clothing,4,30,RV0476
478,2023-04-13,CUST456,Female,58,Clothing,2,30,FY0477
479,2023-08-24,CUST159,Male,52,Electronics,4,300,FL0478
480,2023-06-29,CUST444,Female,42,Beauty,4,500,WH0479
481,2023-06-06,CUST104,Female,43,Electronics,4,300,WB0480
482,2023-04-27,CUST418,Female,28,Clothing,4,300,HV0481
483,2023-04-25,CUST216,Male,55,Clothing,1,30,RD0482
484,2023-01-13,CUST197,Female,19,Clothing,4,300,MN0483
485,2023-12-04,CUST010,Male,24,Electronics,1,30,AY0484
486,2023-04-09,CUST142,Female,35,Electronics,1,25,AY0485
487,2023-07-24,CUST251,Male,44,Clothing,4,500,SR0486
488,2023-06-18,CUST422,Female,51,Electronics,3,300,JG0487
489,2023-05-23,CUST058,Male,44,Electronics,1,30,MY0488
490,2023-02-05,CUST005,Male,34,Clothing,3,50,CM0489
491,2023-05-23,CUST040,Female,60,Electronics,3,300,PZ0490
492,2023-06-29,CUST262,Male,61,Beauty,4,25,SY0491
493,2023-11-25,CUST021,Male,41,Beauty,2,25,SL0492
494,2023-09-18,CUST044,Female,42,Beauty,4,50,YB0493
495,2023-07-24,CUST226,Male,24,Beauty,2,30,TA0494
496,2023-12-14,CUST428,Male,23,Clothing,2,300,CB0495
497,2023-10-02,CUST079,Male,41,Clothing,4,30,LU0496
498,2023-06-19,CUST454,Female,50,Clothing,4,25,UQ0497
499,2023-01-15,CUST496,Male,46,Beauty,2,30,JH0498
500,2023-03-01,CUST186,Female,60,Beauty,4,25,LI0499
501,2023-05-14,CUST360,Male,39,Electronics,2,30,NQ0500
502,2023-04-02,CUST073,Male,43,Electronics,3,50,CY0501
503,2023-10-25,CUST174,Male,45,Beauty,4,500,DW0502
504,2023-05-16,CUST345,Female,38,Beauty,3,50,AA0503
505,2023-01-20,CUST459,Male,24,Beauty,1,50,YI0504
506,2023-02-25,CUST438,Male,34,Beauty,3,500,KU0505
507,2023-11-02,CUST145,Female,37,Electronics,3,500,CP0506
508,2023-08-11,CUST362,Male,58,Beauty,2,300,WM0507
509,2023-06-26,CUST462,Female,37,Electronics,3,300,AD0508
510,2023-06-10,CUST095,Female,39,Beauty,4,50,WF0509
511,2023-08-12,CUST244,Male,45,Beauty,2,50,SQ0510
512,2023-11-07,CUST080,Female,57,Beauty,1,25,UQ0511
513,2023-09-19,CUST385,Male,24,Electronics,4,25,NU0512
514,2023-03-01,CUST030,Female,18,Electronics,1,300,SF0513
515,2023-07-17,CUST486,Female,49,Clothing,3,300,BP0514
516,2023-10-23,CUST336,Male,30,Beauty,4,25,OR0515
517,2023-04-08,CUST366,Female,47,Clothing,4,25,HZ0516
518,2023-05-11,CUST251,Female,40,Clothing,1,30,PK0517
519,2023-01-23,CUST134,Female,36,Electronics,4,30,EE0518
520,2023-12-29,CUST432,Female,49,Electronics,4,25,HR0519
521,2023-08-12,CUST271,Female,47,Clothing,4,30,KV0520
522,2023-01-01,CUST357,Male,46,Beauty,3,500,IV0521
523,2023-09-24,CUST023,Female,62,Electronics,1,300,ZR0522
524,2023-10-03,CUST303,Male,46,Beauty,4,300,UH0523
525,2023-12-18,CUST148,Female,47,Beauty,2,25,LJ0524
526,2023-12-10,CUST440,Male,33,Clothing,2,50,KZ0525
527,2023-04-11,CUST492,Male,57,Clothing,2,25,IZ0526
528,2023-07-06,CUST162,Female,36,Clothing,2,30,TG0527
529,2023-08-09,CUST184,Female,35,Clothing,3,50,LL0528
530,2023-02-05,CUST210,Female,18,Electronics,4,30,LY0529
531,2023-12-07,CUST495,Male,31,Electronics,1,500,QM0530
532,2023-06-19,CUST435,Female,64,Clothing,4,30,PI0531
533,2023-11-16,CUST070,Male,19,Electronics,3,500,DK0532
534,2023-06-10,CUST013,Male,45,Clothing,2,500,VU0533
535,2023-12-06,CUST255,Male,47,Beauty,3,30,AQ0534
536,2023-03-05,CUST295,Female,55,Beauty,4,30,TQ0535
537,2023-06-03,CUST310,Female,21,Beauty,1,500,YH0536
538,2023-09-17,CUST203,Male,18,Clothing,3,50,EK0537
539,2023-06-08,CUST091,Male,25,Beauty,1,500,AW0538
540,2023-12-08,CUST020,Female,46,Electronics,3,300,LR0539
541,2023-07-29,CUST082,Male,56,Beauty,1,500,NN0540
542,2023-06-17,CUST490,Female,20,Beauty,1,50,JU0541
543,2023-07-26,CUST416,Male,49,Beauty,2,300,WZ0542
544,2023-12-23,CUST494,Female,27,Electronics,1,25,OM0543
545,2023-06-01,CUST118,Male,27,Clothing,2,25,OY0544
546,2023-10-11,CUST069,Female,36,Electronics,4,50,IA0545
547,2023-03-07,CUST362,Male,63,Clothing,4,500,NW0546
548,2023-04-09,CUST077,Female,51,Clothing,2,30,DI0547
549,2023-08-04,CUST037,Female,50,Beauty,2,50,QQ0548
550,2023-12-07,CUST390,Male,40,Clothing,3,300,IT0549
551,2023-07-14,CUST388,Male,45,Electronics,3,300,VS0550
552,2023-12-13,CUST379,Female,49,Electronics,3,25,WD0551
553,2023-03-31,CUST332,Male,24,Clothing,4,300,KK0552
554,2023-11-12,CUST286,Female,46,Beauty,3,50,HL0553
555,2023-10-19,CUST018,Male,25,Beauty,1,300,YT0554
556,2023-06-04,CUST273,Female,18,Electronics,1,50,ES0555
557,2023-07-27,CUST172,Female,20,Beauty,3,30,QG0556
558,2023-10-08,CUST158,Female,41,Clothing,1,25,ID0557
559,2023-01-01,CUST347,Female,40,Clothing,4,300,LT0558
560,2023-06-05,CUST316,Female,25,Electronics,1,50,JI0559
561,2023-05-27,CUST289,Female,64,Clothing,4,500,GZ0560
562,2023-04-18,CUST317,Male,54,Electronics,2,25,GL0561
563,2023-08-09,CUST219,Male,20,Clothing,2,30,GM0562
564,2023-10-24,CUST214,Male,50,Electronics,2,50,UW0563
565,2023-11-07,CUST133,Female,45,Beauty,2,30,PY0564
566,2023-12-02,CUST219,Female,64,Clothing,1,30,HR0565
567,2023-06-14,CUST262,Female,25,Clothing,3,300,JG0566
568,2023-08-27,CUST284,Female,51,Electronics,1,300,KF0567
569,2023-08-15,CUST395,Male,52,Electronics,4,50,QE0568
570,2023-08-15,CUST163,Male,49,Clothing,1,500,ST0569
571,2023-12-12,CUST009,Female,41,Electronics,1,50,AJ0570
572,2023-04-20,CUST234,Male,31,Clothing,4,500,QQ0571
573,2023-09-19,CUST210,Male,49,Beauty,2,30,QA0572
574,2023-08-31,CUST211,Female,63,Electronics,2,25,TD0573
575,2023-03-28,CUST082,Male,60,Clothing,2,50,AT0574
576,2023-12-04,CUST271,Female,33,Beauty,3,50,LF0575
577,2023-02-13,CUST248,Male,21,Beauty,4,500,DJ0576
578,2023-05-26,CUST355,Female,54,Clothing,4,30,RA0577
579,2023-09-21,CUST411,Female,38,Electronics,1,30,NL0578
580,2023-12-06,CUST224,Female,31,Clothing,3,500,WL0579
581,2023-11-21,CUST426,Female,48,Beauty,2,30,EP0580
582,2023-11-14,CUST298,Male,35,Clothing,3,300,CC0581
583,2023-06-21,CUST182,Female,24,Electronics,4,25,XO0582
584,2023-02-17,CUST365,Female,27,Beauty,4,50,JF0583
585,2023-05-01,CUST432,Female,24,Clothing,1,25,DK0584
586,2023-12-11,CUST072,Male,50,Electronics,1,50,KY0585
587,2023-06-08,CUST152,Female,40,Beauty,4,300,MK0586
588,2023-04-26,CUST439,Male,38,Electronics,2,30,MH0587
589,2023-04-12,CUST246,Female,36,Beauty,2,500,NK0588
590,2023-03-17,CUST337,Male,36,Clothing,3,300,FJ0589
591,2023-01-13,CUST160,Male,53,Electronics,4,25,UC0590
592,2023-01-24,CUST247,Female,46,Beauty,4,500,PY0591
593,2023-05-06,CUST033,Male,35,Electronics,2,30,PL0592
594,2023-09-01,CUST077,Female,19,Electronics,2,300,WS0593
595,2023-11-09,CUST273,Female,18,Clothing,4,500,IA0594
596,2023-02-07,CUST419,Female,64,Electronics,1,300,XL0595
597,2023-08-22,CUST297,Male,22,Beauty,4,300,IA0596
598,2023-08-01,CUST159,Male,37,Beauty,4,30,FT0597
599,2023-11-19,CUST126,Female,28,Beauty,2,50,PE0598
600,2023-10-22,CUST258,Female,59,Beauty,2,500,TU0599
601,2023-04-10,CUST096,Male,19,Clothing,1,30,CQ0600
602,2023-12-23,CUST030,Female,20,Electronics,1,300,IJ0601
603,2023-07-16,CUST174,Female,40,Clothing,3,30,HN0602
604,2023-09-11,CUST486,Female,29,Electronics,4,50,CY0603
605,2023-07-24,CUST374,Male,37,Electronics,2,500,DZ0604
606,2023-05-05,CUST212,Male,22,Electronics,1,50,AK0605
607,2023-03-17,CUST224,Male,54,Clothing,3,25,HZ0606
608,2023-12-02,CUST425,Female,55,Electronics,3,500,IZ0607
609,2023-12-19,CUST167,Female,47,Clothing,2,50,JC0608
610,2023-01-03,CUST409,Female,26,Beauty,2,300,JB0609
611,2023-02-24,CUST372,Male,51,Beauty,3,500,ME0610
612,2023-08-06,CUST137,Female,61,Electronics,1,500,FD0611
613,2023-04-23,CUST067,Female,52,Clothing,3,30,IZ0612
614,2023-04-01,CUST092,Female,39,Beauty,4,300,NQ0613
615,2023-12-23,CUST455,Female,61,Clothing,4,25,VL0614
616,2023-09-23,CUST495,Male,41,Clothing,2,50,RA0615
617,2023-08-26,CUST420,Male,34,Electronics,1,30,NV0616
618,2023-01-26,CUST154,Female,27,Beauty,1,50,JD0617
619,2023-10-13,CUST283,Male,47,Electronics,4,25,XU0618
620,2023-05-08,CUST347,Male,63,Electronics,3,25,ID0619
621,2023-03-04,CUST244,Female,40,Beauty,2,500,JM0620
622,2023-08-22,CUST209,Female,49,Beauty,3,25,GW0621
623,2023-03-10,CUST067,Male,34,Clothing,3,50,OV0622
624,2023-08-26,CUST296,Female,34,Beauty,3,300,NY0623
625,2023-12-08,CUST306,Male,31,Clothing,1,300,QN0624
626,2023-09-29,CUST063,Female,26,Clothing,4,500,MW0625
627,2023-10-14,CUST479,Male,57,Clothing,1,50,QO0626
628,2023-11-01,CUST089,Female,19,Beauty,4,50,EW0627
629,2023-06-12,CUST032,Male,62,Electronics,2,25,RZ0628
630,2023-08-15,CUST176,Male,42,Clothing,2,50,KF0629
631,2023-11-10,CUST139,Male,56,Electronics,3,30,BI0630
632,2023-09-16,CUST444,Female,26,Electronics,4,25,NG0631
633,2023-08-07,CUST453,Male,39,Beauty,4,30,SE0632
634,2023-10-08,CUST499,Male,60,Electronics,4,500,XD0633
635,2023-08-17,CUST309,Female,63,Electronics,3,300,ED0634
636,2023-03-23,CUST468,Female,21,Beauty,3,500,UW0635
637,2023-09-01,CUST366,Male,43,Clothing,2,300,RG0636
638,2023-08-19,CUST068,Male,46,Electronics,1,500,VS0637
639,2023-05-13,CUST111,Female,62,Beauty,4,50,GX0638
640,2023-05-07,CUST489,Female,51,Electronics,4,30,TH0639
641,2023-11-23,CUST408,Female,40,Electronics,1,300,NA0640
642,2023-05-22,CUST463,Female,54,Clothing,4,25,CC0641
643,2023-09-24,CUST134,Female,28,Electronics,3,30,VL0642
644,2023-09-06,CUST246,Male,23,Beauty,3,25,PX0643
645,2023-11-17,CUST410,Female,35,Electronics,4,30,HD0644
646,2023-05-03,CUST323,Male,38,Clothing,3,30,GY0645
647,2023-05-21,CUST053,Male,59,Clothing,3,500,IB0646
648,2023-08-14,CUST143,Male,53,Beauty,4,300,BJ0647
649,2023-02-09,CUST053,Female,58,Clothing,2,300,XF0648
650,2024-01-01,CUST197,Male,55,Electronics,1,30,UJ0649
651,2023-05-27,CUST217,Male,51,Clothing,3,50,ZP0650
652,2023-05-01,CUST057,Female,34,Beauty,2,50,GI0651
653,2023-05-20,CUST158,Male,54,Clothing,3,25,NK0652
654,2023-06-21,CUST441,Male,42,Clothing,3,25,LY0653
655,2023-06-13,CUST170,Female,55,Clothing,1,500,AJ0654
656,2023-10-04,CUST325,Male,29,Beauty,3,30,TX0655
657,2023-02-11,CUST047,Male,40,Clothing,1,25,WJ0656
658,2023-03-12,CUST455,Male,59,Clothing,1,25,JX0657
659,2023-03-19,CUST447,Female,39,Electronics,1,30,OY0658
660,2023-04-29,CUST328,Female,38,Beauty,2,500,DU0659
661,2023-07-16,CUST038,Female,44,Clothing,4,25,SZ0660
662,2023-12-22,CUST164,Male,48,Beauty,2,500,GP0661
663,2023-03-20,CUST169,Male,23,Clothing,4,300,WL0662
664,2023-12-28,CUST125,Female,44,Clothing,4,500,DR0663
665,2023-04-20,CUST378,Male,57,Clothing,1,50,EE0664
666,2023-02-02,CUST295,Male,51,Electronics,3,50,ZM0665
667,2023-08-01,CUST031,Female,29,Electronics,1,500,YY0666
668,2023-07-28,CUST404,Female,62,Electronics,3,50,DG0667
669,2023-06-19,CUST403,Male,24,Beauty,4,300,TE0668
670,2023-10-05,CUST374,Male,27,Beauty,1,30,CC0669
671,2023-08-27,CUST141,Male,62,Electronics,3,50,WX0670
672,2023-08-01,CUST061,Female,34,Beauty,2,50,WJ0671
673,2023-02-01,CUST441,Female,43,Clothing,3,500,GN0672
674,2023-04-16,CUST125,Female,38,Clothing,1,300,AF0673
675,2023-08-04,CUST134,Female,45,Clothing,2,30,XZ0674
676,2023-07-19,CUST205,Male,63,Electronics,3,500,JF0675
677,2023-10-27,CUST022,Female,19,Beauty,3,500,PX0676
678,2023-12-23,CUST159,Female,60,Electronics,3,300,ON0677
679,2023-01-11,CUST278,Female,18,Beauty,3,30,RS0678
680,2023-10-22,CUST226,Female,53,Clothing,3,300,HI0679
681,2023-07-14,CUST083,Female,43,Electronics,2,30,MM0680
682,2023-09-02,CUST162,Male,46,Beauty,4,300,ZF0681
683,2023-01-04,CUST385,Male,38,Beauty,2,500,AO0682
684,2023-06-30,CUST026,Female,28,Clothing,2,500,ZY0683
685,2023-06-02,CUST279,Male,57,Electronics,2,25,DZ0684
686,2023-07-19,CUST321,Female,28,Electronics,4,50,XG0685
687,2023-08-03,CUST468,Female,53,Electronics,1,300,GF0686
688,2023-10-03,CUST472,Male,56,Clothing,4,25,MO0687
689,2023-10-07,CUST301,Male,57,Electronics,2,50,FM0688
690,2023-11-05,CUST031,Female,52,Clothing,3,300,NE0689
691,2023-04-23,CUST238,Female,51,Clothing,3,30,QD0690
692,2023-09-07,CUST418,Female,64,Clothing,2,50,LE0691
693,2023-04-23,CUST369,Male,41,Beauty,3,500,DO0692
694,2023-05-20,CUST035,Female,39,Electronics,2,25,VN0693
695,2023-08-12,CUST436,Female,22,Electronics,3,50,DE0694
696,2023-09-06,CUST207,Female,50,Clothing,4,50,WO0695
697,2023-01-15,CUST146,Male,53,Clothing,1,500,HK0696
698,2023-07-19,CUST331,Female,64,Electronics,1,300,DP0697
699,2023-06-22,CUST192,Female,37,Clothing,4,30,AU0698
700,2023-12-09,CUST146,Male,36,Electronics,4,500,FJ0699
701,2023-12-14,CUST331,Female,52,Beauty,2,30,ZB0700
702,2023-07-27,CUST114,Female,60,Clothing,2,300,IQ0701
703,2023-03-26,CUST249,Male,34,Electronics,2,50,QV0702
704,2023-08-28,CUST082,Female,62,Clothing,3,30,VL0703
705,2023-03-07,CUST348,Male,60,Electronics,2,25,UG0704
706,2023-11-15,CUST215,Male,51,Electronics,4,25,UV0705
707,2023-10-01,CUST037,Female,26,Clothing,1,500,AU0706
708,2023-01-14,CUST232,Female,43,Beauty,3,300,JD0707
709,2023-07-21,CUST346,Female,19,Electronics,2,500,DG0708
710,2023-10-31,CUST130,Female,26,Electronics,3,500,VW0709
711,2023-10-16,CUST400,Male,26,Electronics,3,500,QJ0710
712,2023-12-06,CUST122,Female,57,Beauty,2,25,HF0711
713,2023-01-14,CUST093,Male,34,Beauty,3,25,BL0712
714,2023-02-12,CUST336,Female,18,Clothing,1,500,QV0713
715,2023-11-26,CUST026,Female,42,Beauty,4,25,TW0714
716,2023-08-08,CUST151,Female,60,Clothing,4,300,OT0715
717,2023-03-11,CUST030,Male,57,Clothing,1,500,QQ0716
718,2023-08-25,CUST393,Female,59,Beauty,3,25,UC0717
719,2023-04-04,CUST235,Female,42,Clothing,2,30,AF0718
720,2023-01-26,CUST077,Female,56,Beauty,3,500,KL0719
721,2023-05-14,CUST211,Female,52,Clothing,1,500,BR0720
722,2023-07-14,CUST234,Male,20,Beauty,3,300,QI0721
723,2023-06-17,CUST362,Female,54,Beauty,4,50,XG0722
724,2023-04-19,CUST253,Male,61,Clothing,3,50,IZ0723
725,2023-08-21,CUST102,Male,61,Electronics,1,300,GF0724
726,2023-06-17,CUST373,Male,47,Clothing,4,300,BJ0725
727,2023-06-22,CUST479,Male,55,Beauty,3,300,PJ0726
728,2023-07-14,CUST017,Male,51,Electronics,3,50,OQ0727
729,2023-05-23,CUST024,Male,29,Clothing,4,300,OZ0728
730,2023-08-04,CUST498,Female,36,Clothing,2,25,TB0729
731,2023-05-10,CUST359,Male,54,Clothing,4,500,XS0730
732,2023-02-11,CUST309,Male,61,Electronics,2,500,TW0731
733,2023-08-29,CUST226,Male,34,Beauty,1,30,WG0732
734,2023-01-10,CUST286,Female,27,Clothing,1,30,KR0733
735,2023-10-04,CUST373,Female,64,Clothing,4,500,NT0734
736,2023-01-27,CUST259,Male,29,Clothing,4,25,LS0735
737,2023-06-29,CUST083,Female,33,Clothing,1,50,JI0736
738,2023-04-25,CUST098,Male,41,Clothing,2,50,QL0737
739,2023-11-29,CUST449,Male,36,Beauty,1,25,JL0738
740,2023-02-05,CUST003,Female,25,Beauty,4,50,JI0739
741,2023-11-30,CUST290,Male,48,Clothing,1,300,JO0740
742,2023-01-21,CUST246,Female,38,Electronics,4,500,DJ0741
743,2023-01-16,CUST078,Female,34,Beauty,4,500,RJ0742
744,2023-05-07,CUST349,Male,40,Electronics,1,25,UH0743
745,2023-04-13,CUST477,Male,54,Beauty,2,50,LL0744
746,2023-01-11,CUST482,Female,33,Clothing,3,30,IM0745
747,2023-11-15,CUST158,Male,23,Beauty,1,30,XY0746
748,2023-03-20,CUST022,Male,25,Clothing,3,50,DU0747
749,2023-05-03,CUST349,Male,42,Beauty,1,30,QN0748
750,2023-03-06,CUST195,Female,35,Clothing,3,25,FG0749
751,2023-08-31,CUST067,Female,42,Clothing,2,25,LD0750
752,2023-12-09,CUST420,Male,29,Clothing,2,50,WX0751
753,2023-02-28,CUST221,Female,32,Clothing,1,30,ZB0752
754,2023-10-16,CUST076,Female,43,Electronics,4,25,EZ0753
755,2023-04-22,CUST428,Female,58,Clothing,3,25,OG0754
756,2023-08-27,CUST231,Female,62,Electronics,4,300,SP0755
757,2023-12-25,CUST058,Female,43,Electronics,4,300,SW0756
758,2023-05-12,CUST039,Male,64,Clothing,4,25,GH0757
759,2023-07-08,CUST047,Male,49,Electronics,2,50,RZ0758
760,2023-03-27,CUST493,Male,27,Beauty,1,500,NP0759
761,2023-11-07,CUST393,Female,33,Clothing,1,500,MA0760
762,2023-11-07,CUST500,Female,24,Electronics,2,25,XN0761
763,2023-02-28,CUST023,Male,34,Clothing,2,25,FC0762
764,2023-03-25,CUST070,Female,40,Clothing,1,25,LV0763
765,2023-06-09,CUST257,Male,43,Clothing,4,50,VV0764
766,2023-02-25,CUST239,Male,38,Electronics,3,300,YR0765
767,2023-10-24,CUST354,Male,39,Beauty,3,25,HF0766
768,2023-01-14,CUST208,Female,24,Beauty,3,25,OM0767
769,2023-06-09,CUST383,Female,31,Electronics,4,30,FY0768
770,2023-10-22,CUST018,Male,32,Clothing,1,50,BF0769
771,2023-12-13,CUST102,Male,24,Electronics,2,25,FN0770
772,2023-07-12,CUST373,Male,26,Electronics,1,30,SF0771
773,2023-07-23,CUST399,Male,25,Electronics,4,500,FS0772
774,2023-04-12,CUST189,Female,40,Clothing,2,25,XM0773
775,2023-02-08,CUST262,Female,46,Electronics,4,25,XP0774
776,2023-10-31,CUST025,Male,35,Clothing,3,30,MG0775
777,2023-12-20,CUST343,Male,48,Electronics,3,50,GJ0776
778,2023-11-18,CUST094,Female,47,Beauty,4,25,XR0777
779,2023-05-05,CUST008,Female,56,Electronics,2,500,TW0778
780,2023-02-22,CUST131,Male,52,Electronics,2,25,WI0779
781,2023-12-23,CUST404,Male,35,Beauty,1,500,EA0780
782,2023-06-04,CUST340,Male,59,Clothing,3,300,RE0781
783,2023-12-17,CUST240,Female,56,Clothing,1,300,UV0782
784,2023-11-04,CUST143,Female,34,Electronics,1,500,EV0783
785,2023-03-03,CUST418,Female,31,Beauty,4,50,IN0784
786,2023-10-17,CUST279,Male,48,Clothing,4,25,WA0785
787,2023-01-22,CUST280,Male,41,Electronics,1,25,FG0786
788,2023-06-27,CUST437,Female,52,Beauty,3,300,VX0787
789,2023-09-30,CUST167,Female,61,Clothing,4,500,LC0788
790,2023-08-08,CUST159,Male,62,Clothing,1,25,VH0789
791,2023-12-05,CUST190,Female,51,Beauty,1,25,PZ0790
792,2023-07-09,CUST435,Female,20,Beauty,1,50,TQ0791
793,2023-02-05,CUST408,Male,54,Beauty,1,30,PN0792
794,2023-09-17,CUST132,Female,60,Beauty,1,300,NL0793
795,2023-11-28,CUST200,Male,57,Electronics,1,300,SX0794
796,2023-06-24,CUST176,Male,43,Beauty,4,30,AG0795
797,2023-01-07,CUST352,Male,40,Clothing,3,25,RV0796
798,2023-08-04,CUST152,Male,61,Clothing,1,50,OK0797
799,2023-09-08,CUST481,Male,56,Electronics,2,50,GQ0798
800,2023-02-24,CUST277,Male,32,Clothing,4,300,BG0799
801,2023-08-10,CUST326,Male,21,Clothing,4,50,VN0800
802,2023-07-05,CUST080,Female,46,Beauty,1,30,PE0801
803,2023-11-22,CUST377,Male,39,Clothing,4,25,BV0802
804,2023-08-24,CUST267,Male,42,Electronics,1,30,DN0803
805,2023-12-29,CUST336,Female,30,Beauty,3,500,PK0804
806,2023-03-20,CUST110,Female,35,Beauty,3,300,IO0805
807,2023-08-11,CUST216,Female,50,Electronics,4,50,OC0806
808,2023-04-01,CUST446,Male,33,Beauty,4,500,IS0807
809,2023-09-25,CUST298,Female,62,Beauty,2,50,PH0808
810,2023-11-30,CUST358,Male,59,Electronics,4,25,NL0809
811,2023-05-19,CUST344,Male,61,Beauty,2,25,CD0810
812,2023-11-12,CUST070,Male,19,Electronics,3,25,UR0811
813,2023-10-03,CUST238,Male,52,Electronics,3,50,HK0812
814,2023-09-05,CUST345,Female,59,Clothing,1,500,FB0813
815,2023-08-27,CUST095,Female,51,Clothing,3,25,HJ0814
816,2023-08-12,CUST284,Male,47,Beauty,2,500,KC0815
817,2023-10-31,CUST197,Male,30,Beauty,4,50,UL0816
818,2023-05-18,CUST053,Male,30,Electronics,1,500,AQ0817
819,2023-06-15,CUST011,Female,35,Beauty,2,50,CR0818
820,2023-05-06,CUST127,Male,49,Electronics,4,50,LN0819
821,2023-02-14,CUST256,Male,49,Electronics,1,300,JW0820
822,2023-05-23,CUST141,Female,52,Beauty,3,50,HD0821
823,2023-08-19,CUST249,Female,56,Electronics,2,50,OS0822
824,2023-05-05,CUST189,Male,63,Clothing,4,30,FN0823
825,2023-08-26,CUST116,Female,46,Beauty,1,25,SC0824
826,2023-10-19,CUST135,Female,46,Clothing,1,300,VI0825
827,2023-11-09,CUST039,Male,61,Beauty,3,300,NH0826
828,2023-12-09,CUST182,Female,33,Electronics,4,300,UP0827
829,2023-07-14,CUST005,Male,61,Beauty,3,30,KI0828
830,2023-06-22,CUST184,Female,64,Clothing,3,50,UI0829
831,2023-01-15,CUST310,Male,27,Electronics,4,25,GA0830
832,2023-09-11,CUST221,Male,47,Beauty,4,500,WW0831
833,2023-06-16,CUST359,Male,42,Beauty,4,50,UZ0832
834,2023-04-04,CUST390,Female,56,Beauty,2,30,LX0833
835,2023-09-07,CUST044,Male,37,Clothing,4,50,QG0834
836,2023-04-19,CUST274,Female,22,Clothing,1,50,JI0835
837,2023-07-01,CUST220,Male,18,Beauty,3,30,IH0836
838,2023-05-13,CUST335,Male,47,Electronics,2,300,IY0837
839,2023-06-24,CUST418,Female,20,Electronics,4,300,BL0838
840,2023-05-24,CUST216,Male,62,Clothing,2,25,TU0839
841,2023-11-02,CUST298,Male,31,Electronics,4,25,AV0840
842,2023-12-26,CUST259,Female,47,Clothing,2,300,IQ0841
843,2023-05-22,CUST260,Male,21,Beauty,3,500,PV0842
844,2023-10-12,CUST466,Male,35,Clothing,3,50,XT0843
845,2023-01-06,CUST236,Male,54,Clothing,1,500,EH0844
846,2023-09-22,CUST177,Male,42,Beauty,1,50,HC0845
847,2023-04-08,CUST427,Female,18,Electronics,4,300,GF0846
848,2023-02-13,CUST165,Female,63,Clothing,3,25,ZQ0847
849,2023-05-04,CUST221,Male,32,Clothing,2,25,WY0848
850,2023-07-28,CUST167,Female,26,Beauty,2,500,WT0849
851,2023-09-08,CUST347,Male,32,Electronics,2,25,JI0850
852,2023-10-12,CUST284,Female,41,Clothing,1,300,KW0851
853,2023-05-04,CUST438,Male,21,Beauty,2,500,HN0852
854,2023-12-20,CUST260,Male,29,Clothing,1,50,UC0853
855,2023-09-01,CUST176,Male,54,Beauty,1,25,QA0854
856,2023-11-27,CUST083,Male,54,Electronics,4,30,GR0855
857,2023-12-31,CUST305,Male,60,Electronics,2,25,RZ0856
858,2023-09-09,CUST243,Male,23,Electronics,2,50,RW0857
859,2023-08-18,CUST170,Female,56,Electronics,3,500,UF0858
860,2023-01-09,CUST029,Male,63,Clothing,4,50,ZA0859
861,2023-02-17,CUST472,Female,41,Clothing,3,30,TK0860
862,2023-05-31,CUST093,Male,28,Electronics,4,300,GI0861
863,2023-04-24,CUST272,Female,30,Electronics,2,25,TX0862
864,2023-07-27,CUST024,Female,51,Electronics,1,500,MW0863
865,2023-12-21,CUST382,Female,42,Clothing,1,300,IW0864
866,2023-05-05,CUST362,Male,24,Electronics,1,50,YS0865
867,2023-06-06,CUST161,Male,21,Electronics,1,500,JH0866
868,2023-12-06,CUST423,Female,25,Electronics,1,300,DV0867
869,2023-10-25,CUST439,Male,37,Beauty,3,500,VF0868
870,2023-07-08,CUST245,Female,46,Electronics,4,30,DX0869
871,2023-08-31,CUST200,Male,62,Beauty,2,30,VN0870
872,2023-10-11,CUST428,Female,63,Beauty,3,25,AU0871
873,2023-09-29,CUST499,Female,27,Electronics,4,25,GN0872
874,2023-06-26,CUST197,Male,60,Beauty,1,30,EW0873
875,2023-08-06,CUST270,Female,51,Electronics,4,500,PA0874
876,2023-10-09,CUST254,Male,43,Clothing,4,30,RF0875
877,2023-06-19,CUST491,Female,58,Clothing,1,25,UG0876
878,2023-06-30,CUST318,Female,20,Clothing,1,30,NQ0877
879,2023-12-26,CUST045,Male,23,Clothing,1,30,JD0878
880,2023-08-21,CUST178,Male,22,Beauty,2,500,JB0879
881,2023-05-19,CUST359,Male,22,Electronics,1,300,VH0880
882,2023-06-06,CUST191,Female,64,Electronics,2,25,AM0881
883,2023-05-09,CUST097,Male,40,Electronics,1,500,LR0882
884,2023-04-29,CUST377,Female,26,Clothing,2,30,LB0883
885,2023-03-03,CUST359,Female,52,Clothing,4,30,AZ0884
886,2023-04-09,CUST044,Male,37,Electronics,3,300,PK0885
887,2023-06-11,CUST331,Male,59,Clothing,4,25,FS0886
888,2023-03-03,CUST415,Female,52,Electronics,4,25,VP0887
889,2023-10-02,CUST196,Female,35,Electronics,1,50,FH0888
890,2023-12-20,CUST471,Male,34,Electronics,2,25,WK0889
891,2023-04-05,CUST248,Male,41,Electronics,3,300,RA0890
892,2023-04-09,CUST436,Male,20,Electronics,1,50,PW0891
893,2023-04-21,CUST052,Male,49,Electronics,1,50,WV0892
894,2023-09-05,CUST471,Male,52,Electronics,1,30,JI0893
895,2023-05-22,CUST218,Female,55,Clothing,4,30,MK0894
896,2023-10-29,CUST388,Female,30,Electronics,2,25,QK0895
897,2023-09-26,CUST062,Female,64,Electronics,2,50,YZ0896
898,2023-11-02,CUST326,Female,42,Clothing,3,30,LR0897
899,2023-05-25,CUST194,Male,26,Clothing,2,300,XZ0898
900,2023-02-21,CUST322,Male,21,Clothing,2,30,LI0899
901,2023-04-10,CUST490,Male,31,Electronics,1,30,AB0900
902,2023-06-01,CUST240,Female,54,Beauty,1,50,MD0901
903,2023-04-27,CUST097,Female,51,Beauty,4,50,MW0902
904,2023-07-04,CUST083,Male,28,Clothing,1,500,IN0903
905,2023-04-02,CUST454,Male,58,Beauty,1,300,YL0904
906,2023-06-04,CUST393,Female,20,Clothing,1,50,UY0905
907,2023-01-08,CUST035,Female,45,Electronics,1,25,HG0906
908,2023-12-29,CUST046,Male,46,Beauty,4,300,TM0907
909,2023-10-01,CUST183,Male,26,Electronics,1,300,GH0908
910,2023-03-06,CUST334,Female,20,Beauty,3,50,RJ0909
911,2023-05-21,CUST499,Male,42,Electronics,3,300,RH0910
912,2023-01-24,CUST260,Male,51,Beauty,3,50,GI0911
913,2023-01-28,CUST296,Male,29,Electronics,3,30,VE0912
914,2023-10-11,CUST384,Female,59,Electronics,1,500,EC0913
915,2023-05-30,CUST457,Female,26,Beauty,3,30,RW0914
916,2023-12-24,CUST068,Female,32,Electronics,1,50,GZ0915
917,2023-03-06,CUST296,Female,57,Electronics,4,50,RM0916
918,2023-11-23,CUST033,Female,42,Electronics,3,30,LV0917
919,2023-09-09,CUST245,Female,22,Beauty,2,25,PS0918
920,2023-02-22,CUST386,Female,28,Beauty,3,25,EO0919
921,2023-01-07,CUST251,Male,51,Electronics,3,25,UH0920
922,2023-10-21,CUST387,Male,41,Electronics,1,50,HG0921
923,2023-05-26,CUST081,Male,32,Beauty,3,300,EI0922
924,2023-08-29,CUST492,Male,55,Beauty,2,50,GA0923
925,2023-09-03,CUST079,Male,25,Electronics,1,300,LK0924
926,2023-08-14,CUST200,Male,22,Electronics,1,30,QH0925
927,2023-06-24,CUST411,Male,43,Electronics,4,500,YE0926
928,2023-04-05,CUST213,Female,35,Clothing,4,300,MC0927
929,2023-01-27,CUST066,Female,23,Beauty,3,25,LJ0928
930,2023-05-10,CUST114,Male,54,Clothing,4,50,LF0929
931,2023-09-02,CUST234,Male,30,Beauty,4,30,JR0930
932,2023-02-28,CUST490,Female,45,Beauty,4,25,HH0931
933,2023-02-03,CUST361,Male,22,Beauty,1,30,CK0932
934,2023-07-25,CUST166,Male,30,Beauty,1,500,FR0933
935,2023-09-09,CUST295,Female,34,Beauty,1,50,MF0934
936,2023-02-07,CUST463,Male,57,Beauty,4,50,QZ0935
937,2023-10-23,CUST332,Female,62,Beauty,1,500,NL0936
938,2023-11-19,CUST070,Male,49,Clothing,4,50,PO0937
939,2023-12-18,CUST065,Female,46,Electronics,1,300,ZN0938
940,2023-01-28,CUST310,Female,20,Electronics,1,30,BQ0939
941,2023-03-19,CUST361,Female,57,Clothing,2,25,PK0940
942,2023-03-18,CUST103,Male,51,Clothing,3,500,QU0941
943,2023-10-16,CUST006,Female,57,Clothing,4,300,LG0942
944,2023-06-05,CUST040,Male,44,Clothing,2,25,BK0943
945,2023-02-13,CUST265,Male,30,Beauty,1,25,QA0944
946,2023-05-08,CUST148,Male,62,Electronics,4,500,YP0945
947,2023-03-02,CUST176,Male,50,Beauty,1,300,HN0946
948,2023-10-13,CUST091,Female,23,Electronics,3,25,SN0947
949,2023-08-02,CUST312,Female,41,Electronics,2,25,JW0948
950,2023-11-07,CUST494,Male,36,Clothing,3,300,TZ0949
951,2023-11-02,CUST390,Male,33,Beauty,2,50,KP0950
952,2023-11-13,CUST225,Female,57,Clothing,1,25,CI0951
953,2023-04-26,CUST384,Male,45,Beauty,3,30,VX0952
954,2023-09-25,CUST249,Female,50,Electronics,3,300,WE0953
955,2023-07-14,CUST350,Male,58,Clothing,1,25,HR0954
956,2023-08-19,CUST464,Male,30,Clothing,3,500,XG0955
957,2023-08-15,CUST006,Female,60,Electronics,4,30,EH0956
958,2023-06-02,CUST424,Male,62,Electronics,2,25,IF0957
959,2023-10-29,CUST198,Female,42,Electronics,2,30,CG0958
960,2023-08-08,CUST361,Male,59,Clothing,2,30,XU0959
961,2023-06-06,CUST351,Male,53,Beauty,4,50,VO0960
962,2023-10-19,CUST174,Male,44,Clothing,2,30,NK0961
963,2023-11-14,CUST106,Female,55,Beauty,1,50,IE0962
964,2023-01-31,CUST276,Male,24,Clothing,3,300,AN0963
965,2023-11-09,CUST445,Male,22,Clothing,4,50,KJ0964
966,2023-02-20,CUST414,Male,60,Electronics,2,500,YA0965
967,2023-04-17,CUST369,Male,62,Beauty,1,25,DU0966
968,2023-11-17,CUST133,Female,48,Clothing,3,300,LP0967
969,2023-04-19,CUST153,Female,40,Clothing,3,300,QU0968
970,2023-05-16,CUST083,Male,59,Electronics,4,500,WV0969
971,2023-12-05,CUST227,Female,27,Electronics,4,50,RP0970
972,2023-02-11,CUST170,Male,49,Beauty,4,25,ER0971
973,2023-03-22,CUST073,Male,60,Clothing,1,50,OT0972
974,2023-05-03,CUST315,Male,47,Beauty,1,30,DY0973
975,2023-03-30,CUST238,Female,56,Clothing,4,50,XD0974
976,2023-10-10,CUST307,Female,48,Beauty,2,300,XX0975
977,2023-02-08,CUST254,Female,35,Electronics,3,25,BH0976
978,2023-03-22,CUST275,Female,53,Clothing,3,50,NV0977
979,2023-01-02,CUST376,Female,19,Beauty,1,25,VD0978
980,2023-07-29,CUST180,Female,31,Electronics,3,25,VU0979
981,2023-08-19,CUST124,Female,30,Electronics,2,30,BX0980
982,2023-12-19,CUST032,Female,46,Beauty,3,30,IC0981
983,2023-11-01,CUST441,Female,29,Clothing,1,300,SR0982
984,2023-08-29,CUST282,Male,56,Clothing,1,500,ZE0983
985,2023-05-30,CUST101,Female,19,Electronics,2,25,FG0984
986,2023-01-17,CUST082,Female,49,Clothing,2,500,XV0985
987,2023-04-29,CUST009,Female,30,Clothing,3,300,ZV0986
988,2023-05-28,CUST110,Female,63,Clothing,3,25,ZV0987
989,2023-12-28,CUST200,Female,44,Electronics,1,25,NT0988
990,2023-05-25,CUST094,Female,58,Beauty,2,500,MV0989
991,2023-12-26,CUST054,Female,34,Clothing,2,50,AG0990
992,2023-08-21,CUST248,Female,57,Electronics,2,30,ET0991
993,2023-02-06,CUST199,Female,48,Electronics,3,50,AO0992
994,2023-12-18,CUST235,Female,51,Beauty,2,500,YS0993
995,2023-04-30,CUST366,Female,41,Clothing,1,30,TE0994
996,2023-05-16,CUST283,Male,62,Clothing,1,50,MB0995
997,2023-11-17,CUST440,Male,52,Beauty,3,30,MB0996
998,2023-10-29,CUST443,Female,23,Beauty,4,25,IN0997
999,2023-12-05,CUST023,Female,36,Electronics,3,50,TH0998
1000,2023-04-12,CUST393,Male,47,Electronics,4,30,TN0999
